{
  "flights": [
    { "source": [-71.0589, 42.3601], "destination": [-118.105976, 33.902051] }, 
    { "source": [-71.0589, 42.3601], "destination": [-74.0060, 40.7128] }, 
    { "source": [-71.0589, 42.3601], "destination": [-122.4194, 37.7749] }, 
    { "source": [-71.0589, 42.3601], "destination": [-87.6298, 41.8781] }
  ]
}
